day,time,latitude,longitude,depth,MD,ML,Mw,location,type
2026-08-24,22:23:21,36.8857,29.1147,3.7,,2.2,,DARIYERI-DALAMAN (MUGLA),İlksel
2026-08-24,21:57:34,39.1833,29.4463,21.1,,1.5,,PUSATLAR-CAVDARHISAR (KUTAHYA),İlksel
2026-08-24,21:47:51,38.227,37.7577,2.9,,1.4,,CEVIRME-AKCADAG (MALATYA),İlksel
2026-08-24,21:47:21,39.1967,29.4052,5.5,,2.0,,KARBASAN-HISARCIK (KUTAHYA),İlksel
2026-08-24,21:10:46,39.166,28.202,16.9,,1.3,,AKTAS-SINDIRGI (BALIKESIR),İlksel
2026-08-24,21:02:16,40.4743,37.0157,2.7,,2.5,,MUHTARDUZU-NIKSAR (TOKAT),İlksel
2026-08-24,20:39:52,37.4122,37.1662,10.8,,1.4,,DOGANLI-PAZARCIK (KAHRAMANMARAS),İlksel
2026-08-24,20:05:16,38.5665,26.8088,12.8,,1.4,,IZMIR KORFEZI (EGE DENIZI),İlksel
2026-08-24,20:02:35,37.714,36.1003,11.4,,1.6,,AKCALIUSAGI-KOZAN (ADANA),İlksel
2026-08-24,19:50:50,38.6213,31.1215,2.2,,1.5,,EBER-CAY (AFYONKARAHISAR),İlksel
2026-08-24,19:34:11,39.1898,26.814,7.1,,2.3,,BAHCELI-DIKILI (IZMIR),İlksel
2026-08-24,18:34:25,35.7345,25.8847,26.9,,2.4,,EGE DENIZI,İlksel
2026-08-24,18:06:52,40.2592,31.5933,5.0,,1.9,,NALLIGOLCUK-NALLIHAN (ANKARA),İlksel
2026-08-24,17:20:35,40.3092,24.1682,7.0,,1.2,,YUNANISTAN,İlksel
2026-08-24,17:04:04,41.4577,44.0387,8.1,,2.5,,GURCISTAN,İlksel
2026-08-24,16:38:26,37.1535,29.411,21.0,,1.7,,CUMAALANI-CAMELI (DENIZLI),İlksel
2026-08-24,16:29:46,38.2492,38.4773,21.6,,1.4,,GULUMUSAGI-(MALATYA),İlksel
2026-08-24,16:06:36,39.6223,27.8938,3.2,,3.3,3.1,CAYIRHISAR-(BALIKESIR),İlksel
2026-08-24,15:23:21,36.4503,28.753,18.0,,1.7,,AKDENIZ,İlksel
2026-08-24,15:09:10,40.1973,31.6888,5.0,,1.9,,SEKLI-BEYPAZARI (ANKARA),İlksel
2026-08-24,15:00:04,35.6177,24.2655,19.6,,2.6,,GIRIT ADASI (AKDENIZ),İlksel
2026-08-24,14:54:07,39.7787,33.4175,5.0,,1.6,,CAMLICA-BAHSILI (KIRIKKALE),İlksel
2026-08-24,14:50:54,40.7733,29.1388,5.0,,1.4,,ADALAR (ISTANBUL),İlksel
2026-08-24,13:25:31,39.3518,26.27,9.9,,2.3,,MIDILLI ADASI (EGE DENIZI),İlksel
2026-08-24,13:10:33,40.7852,33.7605,14.2,,1.8,,YAPRAKLI (CANKIRI),İlksel
2026-08-24,12:56:04,37.3527,27.0127,5.0,,2.2,,EGE DENIZI,İlksel
2026-08-24,12:31:39,40.8107,29.1407,4.9,,1.2,,ADALAR (ISTANBUL),İlksel
2026-08-24,12:26:00,36.267,33.7118,0.0,,1.3,,ISIKLI-SILIFKE (MERSIN),İlksel
2026-08-24,11:28:29,39.1822,29.3528,5.5,,1.7,,SEYHLER-HISARCIK (KUTAHYA),İlksel
2026-08-24,11:08:40,37.681,29.2408,0.0,,1.1,,KARATAS-(DENIZLI),İlksel
2026-08-24,10:57:32,38.2498,37.7257,21.4,,1.7,,HARUNUSAGI-AKCADAG (MALATYA),İlksel
2026-08-24,10:09:37,41.0092,30.41,22.7,,1.6,,KUCUKKISLA-KAYNARCA (SAKARYA),İlksel
2026-08-24,09:51:37,40.828,29.1292,6.6,,0.9,,ADALAR (ISTANBUL),İlksel
2026-08-24,09:41:28,38.226,38.653,2.5,,2.6,,KAVAKLIDERE-PUTURGE (MALATYA),İlksel
2026-08-24,09:16:38,38.2715,38.6875,8.8,,1.6,,CAYKOY-PUTURGE (MALATYA),İlksel
2026-08-24,09:13:38,39.2273,28.9322,14.4,,2.0,,YENILER-SIMAV (KUTAHYA),İlksel
2026-08-24,08:42:14,38.0083,36.411,9.1,,2.4,,ACIELMA-GOKSUN (KAHRAMANMARAS),İlksel
2026-08-24,08:30:58,39.686,38.7822,5.0,,1.8,,KARACA-KEMAH (ERZINCAN),İlksel
2026-08-24,08:23:15,39.1737,28.174,9.9,,1.4,,SINANDEDE-SINDIRGI (BALIKESIR),İlksel
2026-08-24,08:11:35,40.7845,29.1172,5.4,,2.0,,ADALAR (ISTANBUL),İlksel
2026-08-24,07:20:03,40.8237,27.7393,6.0,,2.3,,MARMARA DENIZI,İlksel
2026-08-24,07:16:54,37.7597,27.1477,12.0,,1.4,,KUSADASI KORFEZI (EGE DENIZI),İlksel
2026-08-24,06:23:09,36.0105,36.242,16.1,,2.0,,DOKUZDAL-ALTINOZU (HATAY),İlksel
2026-08-24,05:42:13,36.6102,31.7813,8.1,,1.7,,AVSALLAR-ALANYA (ANTALYA),İlksel
2026-08-24,05:40:59,38.02,30.1818,7.1,,1.9,,DIKICI-DINAR (AFYONKARAHISAR),İlksel
2026-08-24,05:36:08,38.0608,30.1385,5.0,,1.3,,CAKICI-DINAR (AFYONKARAHISAR),İlksel
2026-08-24,05:17:51,36.6737,25.7982,9.8,,1.9,,EGE DENIZI,İlksel
2026-08-24,04:45:38,39.1628,28.1598,11.9,,2.3,,SINANDEDE-SINDIRGI (BALIKESIR),İlksel
2026-08-24,04:03:22,39.0315,30.1965,8.4,,1.9,,YOLCATI-ALTINTAS (KUTAHYA),İlksel
2026-08-24,03:57:41,38.2448,37.7877,7.8,,2.2,,DEDEYAZI-DOGANSEHIR (MALATYA),İlksel
2026-08-24,03:27:16,40.4487,26.341,11.9,,1.9,,SAROS KORFEZI (EGE DENIZI),İlksel
2026-08-24,02:16:33,38.6633,36.4553,5.6,,2.1,,ASAGIBEYCAYIR-PINARBASI (KAYSERI),İlksel
2026-08-24,02:00:57,39.3812,25.5883,9.1,,1.9,,EGE DENIZI,İlksel
2026-08-24,01:54:20,40.5185,27.1803,11.5,,1.6,,MARMARA DENIZI,İlksel
2026-08-24,01:51:47,40.6708,30.5837,7.7,,1.9,,HARMANLI-KARAPURCEK (SAKARYA),İlksel
2026-08-24,01:40:41,36.8467,27.4902,6.4,,2.1,,GOKOVA KORFEZI (EGE DENIZI),İlksel
2026-08-24,01:40:01,39.1293,28.9282,16.1,,1.3,,CITGOL-SIMAV (KUTAHYA),İlksel
2026-08-24,00:56:24,40.7923,29.1358,4.8,,1.8,,ADALAR (ISTANBUL),İlksel
2026-08-24,00:44:12,40.7682,29.2362,4.8,,1.0,,YALOVA ACIKLARI (MARMARA DENIZI),İlksel
2026-08-24,00:09:31,40.7768,29.1078,13.6,,1.7,,ADALAR (ISTANBUL),İlksel
2026-08-24,00:04:16,39.1772,28.1037,9.9,,1.1,,ORMANICI-SINDIRGI (BALIKESIR),İlksel
2026-08-23,23:53:06,36.6625,25.7308,5.8,,2.6,,EGE DENIZI,İlksel
2026-08-23,23:45:57,39.1618,26.8157,5.9,,1.6,,KIRATLI-DIKILI (IZMIR),İlksel
2026-08-23,23:40:04,40.5888,24.0342,11.5,,1.4,,YUNANISTAN,İlksel
2026-08-23,23:39:11,38.2635,38.7895,12.9,,0.8,,KARSIYAKA-PUTURGE (MALATYA),İlksel
2026-08-23,23:26:35,41.6075,36.9757,14.8,,1.8,,SAMSUN ACIKLARI (KARADENIZ),İlksel
2026-08-23,23:07:33,38.1158,37.739,8.3,,1.6,,FINDIKKOY-DOGANSEHIR (MALATYA),İlksel
2026-08-23,22:08:44,39.2548,28.1377,10.2,,1.7,,IBILLER-SINDIRGI (BALIKESIR),İlksel
2026-08-23,22:06:35,35.8857,23.9582,6.8,,2.0,,GIRIT ADASI (AKDENIZ),İlksel
2026-08-23,22:03:12,39.251,28.1148,9.0,,1.5,,KARAGUR-SINDIRGI (BALIKESIR),İlksel
2026-08-23,21:58:47,36.6253,25.873,2.5,,1.8,,EGE DENIZI,İlksel
2026-08-23,21:00:14,40.817,31.5795,5.1,,1.1,,KOZLU-(BOLU),İlksel
2026-08-23,20:43:40,39.1245,28.1482,17.0,,1.7,,KINIK-SINDIRGI (BALIKESIR),İlksel
2026-08-23,20:34:57,39.2227,28.099,9.0,,1.4,,BAYIRLI-SINDIRGI (BALIKESIR),İlksel
2026-08-23,20:30:23,39.2412,28.0878,6.2,,1.9,,KOZLU-SINDIRGI (BALIKESIR),İlksel
2026-08-23,19:37:34,36.2047,33.6752,0.0,,1.1,,YESILOVACIK-SILIFKE (MERSIN),İlksel
2026-08-23,19:18:14,36.6717,26.821,114.3,,2.6,2.7,KOS ADASI (EGE DENIZI),İlksel
2026-08-23,19:06:47,37.2485,34.5913,18.6,,1.4,,OLUKKOYAGI-TARSUS (MERSIN),İlksel
2026-08-23,17:46:46,37.0882,28.651,27.8,,1.2,,KAVAKCALI-ULA (MUGLA),İlksel
2026-08-23,16:25:21,39.1268,33.6378,5.4,,1.6,,GECITLI-SEREFLIKOCHISAR (ANKARA),İlksel
2026-08-23,15:45:45,39.0597,26.8227,4.9,,1.7,,YAHSIBEY-DIKILI (IZMIR),İlksel
2026-08-23,15:36:37,39.323,27.879,8.2,,1.7,,KOCAISKAN-KIRKAGAC (MANISA),İlksel
2026-08-23,15:08:06,40.1518,42.5133,17.1,,1.9,,UZUNGAZI-SARIKAMIS (KARS),İlksel
2026-08-23,14:32:40,38.315,38.6555,18.0,,1.7,,ALHANUSAGI-(MALATYA),İlksel
2026-08-23,14:18:01,35.1642,24.562,40.2,,2.1,,GIRIT ADASI (AKDENIZ),İlksel
2026-08-23,14:14:29,40.1763,42.555,8.2,,1.8,,SEHITHALIT-SARIKAMIS (KARS),İlksel
2026-08-23,14:01:44,38.2218,37.3392,5.4,,1.6,,DEMIRCILIK-ELBISTAN (KAHRAMANMARAS),İlksel
2026-08-23,13:46:10,39.3048,27.8353,8.9,,1.5,,HAMIDIYE-KIRKAGAC (MANISA),İlksel
2026-08-23,13:23:30,39.175,28.199,9.5,,1.4,,AKTAS-SINDIRGI (BALIKESIR),İlksel
2026-08-23,11:04:04,40.784,29.0845,9.3,,1.5,,ADALAR (ISTANBUL),İlksel
2026-08-23,11:02:20,39.9193,37.5997,9.6,,1.5,,KUCCU-ZARA (SIVAS),İlksel
2026-08-23,10:45:38,36.9835,28.7902,10.2,,2.2,,CAYHISAR-KOYCEGIZ (MUGLA),İlksel
2026-08-23,10:20:03,39.3433,26.088,6.4,,1.7,,MIDILLI ADASI (EGE DENIZI),İlksel
2026-08-23,10:18:32,39.1643,28.3068,9.2,,1.4,,KUCUKDAGDERE-SINDIRGI (BALIKESIR),İlksel
2026-08-23,08:56:25,40.7982,31.4185,7.9,,1.7,,DARIYERIBAKACAK-KAYNASLI (DUZCE),İlksel
2026-08-23,08:44:14,40.811,31.4038,12.7,,2.0,,DARIYERIHASANBEY-KAYNASLI (DUZCE),İlksel
2026-08-23,08:43:56,38.03,30.9908,9.3,,2.1,,HACILAR-GELENDOST (ISPARTA),İlksel
2026-08-23,08:31:41,38.8993,26.7698,5.0,,2.0,,CANDARLI KORFEZI (EGE DENIZI),İlksel
2026-08-23,08:24:09,39.1122,29.4128,5.0,,1.6,,AKKAYA-GEDIZ (KUTAHYA),İlksel
2026-08-23,08:15:57,36.9398,27.673,11.1,,1.1,,GOKOVA KORFEZI (EGE DENIZI),İlksel
2026-08-23,08:06:28,40.3407,37.8192,7.4,,2.3,,TASPINAR-KOYULHISAR (SIVAS),İlksel
2026-08-23,07:58:44,40.8103,31.5738,5.3,,1.2,,KOZLU-(BOLU),İlksel
2026-08-23,07:56:31,38.671,37.5838,10.4,,1.4,,KARABACAK-DARENDE (MALATYA),İlksel
2026-08-23,07:44:59,38.2002,37.7293,16.8,,1.4,,ATMALIKASANLI-ELBISTAN (KAHRAMANMARAS),İlksel
2026-08-23,07:42:18,40.6498,27.8898,6.2,,1.4,,MARMARA DENIZI,İlksel
2026-08-23,07:37:40,36.2877,31.6743,29.2,,1.6,,ANTALYA KORFEZI (AKDENIZ),İlksel
2026-08-23,07:24:42,39.9417,28.8028,11.2,,1.9,,DUNDAR-ORHANELI (BURSA),İlksel
2026-08-23,07:24:22,34.4528,33.0355,10.8,,3.0,3.1,AKDENIZ,İlksel
2026-08-23,07:19:21,37.1427,37.9698,5.0,,1.3,,ASAGIHABIP-BIRECIK (SANLIURFA),İlksel
2026-08-23,06:59:00,38.018,36.686,13.4,,1.9,,KIZILOZ-GOKSUN (KAHRAMANMARAS),İlksel
2026-08-23,06:12:50,36.8935,29.0887,10.9,,1.4,,DARIYERI-DALAMAN (MUGLA),İlksel
2026-08-23,05:35:07,36.0473,29.0913,15.7,,1.6,,AKDENIZ,İlksel
2026-08-23,05:33:54,40.3227,37.8705,7.5,,1.4,,TASPINAR-KOYULHISAR (SIVAS),İlksel
2026-08-23,05:28:21,39.1942,28.1307,8.5,,1.8,,ORMANICI-SINDIRGI (BALIKESIR),İlksel
2026-08-23,05:16:30,40.149,31.7605,5.0,,1.6,,CANTIRLI-BEYPAZARI (ANKARA),İlksel
2026-08-23,04:36:19,39.1968,28.1595,12.6,,1.2,,YAYLACIK-SINDIRGI (BALIKESIR),İlksel
2026-08-23,04:34:56,36.257,28.9468,8.8,,1.3,,AKDENIZ,İlksel
2026-08-23,04:31:30,40.3965,27.1025,11.7,,1.4,,BEKIRLI-BIGA (CANAKKALE),İlksel
2026-08-23,04:19:22,39.1878,28.119,8.7,,1.5,,ORMANICI-SINDIRGI (BALIKESIR),İlksel
2026-08-23,04:14:36,39.194,28.1367,13.5,,1.9,,ORMANICI-SINDIRGI (BALIKESIR),İlksel
2026-08-23,03:58:46,36.9302,27.5202,21.2,,1.2,,GOKOVA KORFEZI (EGE DENIZI),İlksel
2026-08-23,03:48:49,40.1737,40.9325,19.1,,1.5,,KIZILKALE-AZIZIYE (ERZURUM),İlksel
2026-08-23,03:46:44,40.777,29.1085,9.3,,1.0,,ADALAR (ISTANBUL),İlksel
2026-08-23,03:37:21,39.189,28.112,13.9,,2.6,,ORMANICI-SINDIRGI (BALIKESIR),İlksel
2026-08-23,03:25:10,39.3138,25.8437,12.2,,1.6,,MIDILLI ADASI (EGE DENIZI),İlksel
2026-08-23,02:41:57,34.4717,33.0265,5.0,,2.7,,AKDENIZ,İlksel
2026-08-23,02:39:28,36.2307,27.4065,15.8,,3.5,3.5,ONIKI ADALAR (EGE DENIZI),İlksel
2026-08-23,02:11:16,40.0172,38.861,6.1,,1.5,,GOKSEKI-REFAHIYE (ERZINCAN),İlksel
2026-08-23,01:43:18,38.1885,36.8878,13.4,,1.0,,ORDEKKOY-AFSIN (KAHRAMANMARAS),İlksel
2026-08-23,01:36:03,39.9665,39.1857,5.0,,1.2,,GURLEYIK-KELKIT (GUMUSHANE),İlksel
2026-08-23,01:34:20,39.9712,39.1635,9.6,,2.2,,GURLEYIK-KELKIT (GUMUSHANE),İlksel
2026-08-23,01:29:45,37.1703,29.8133,15.5,,1.6,,YESILKOY-TEFENNI (BURDUR),İlksel
2026-08-23,01:28:21,39.0773,28.3488,15.5,,0.9,,KOBAKLAR-GORDES (MANISA),İlksel
2026-08-23,01:23:55,37.9993,36.663,7.0,,1.8,,KIZILOZ-GOKSUN (KAHRAMANMARAS),İlksel
2026-08-23,01:23:08,38.043,36.7058,9.0,,1.7,,YESILKOY-GOKSUN (KAHRAMANMARAS),İlksel
2026-08-23,01:13:06,38.9203,26.1417,10.6,,1.4,,MIDILLI ADASI GUNEYI (EGE DENIZI),İlksel
2026-08-23,01:03:44,38.0207,36.6882,7.7,,1.3,,KIZILOZ-GOKSUN (KAHRAMANMARAS),İlksel
2026-08-23,00:38:55,38.0955,37.8438,24.8,,0.9,,TOPRAKTEPE-DOGANSEHIR (MALATYA),İlksel
2026-08-23,00:30:13,39.1268,28.3,11.8,,1.8,,YUREGIL-SINDIRGI (BALIKESIR),İlksel
2026-08-23,00:28:17,38.2957,37.7562,7.7,,1.8,,CEVIRME-AKCADAG (MALATYA),İlksel
2026-08-23,00:08:17,38.0223,36.6835,8.8,,2.1,,KIZILOZ-GOKSUN (KAHRAMANMARAS),İlksel
2026-08-22,23:54:28,39.5252,28.0902,11.9,,2.9,,GUVEMCETMI-BIGADIC (BALIKESIR),İlksel
2026-08-22,23:48:09,35.0675,33.8793,44.5,,2.1,,KIBRIS-GAZIMAGUSA,İlksel
2026-08-22,23:40:49,39.4527,25.8947,11.1,,1.5,,GULPINAR ACIKLARI-CANAKKALE (EGE DENIZI),İlksel
2026-08-22,23:36:48,40.7883,31.554,5.3,,1.7,,KIZILAGIL-(BOLU),İlksel
2026-08-22,23:16:16,40.4645,32.973,7.2,,2.5,,KIZILOREN-CUBUK (ANKARA),İlksel
2026-08-22,22:50:31,40.7682,31.5303,1.7,,1.4,,KIZILAGIL-(BOLU),İlksel
2026-08-22,22:33:11,39.2687,28.9075,5.8,,2.3,,KAYALIDERE-SIMAV (KUTAHYA),İlksel
2026-08-22,22:31:34,39.2095,28.987,13.3,,1.0,,EGIRLER-SIMAV (KUTAHYA),İlksel
2026-08-22,22:17:16,39.2482,28.1202,5.6,,1.3,,KARAGUR-SINDIRGI (BALIKESIR),İlksel
2026-08-22,22:16:27,37.3458,31.68,11.0,,1.8,,CAMLIK-DEREBUCAK (KONYA),İlksel
2026-08-22,22:11:52,37.3365,31.6863,4.2,,2.4,,CAMLIK-DEREBUCAK (KONYA),İlksel
2026-08-22,21:47:49,39.1615,28.2077,17.3,,1.4,,AKTAS-SINDIRGI (BALIKESIR),İlksel
2026-08-22,21:23:41,39.4453,40.4607,3.5,,1.6,,ESKIBALTA-YEDISU (BINGOL),İlksel
2026-08-22,21:18:21,37.5253,37.1088,3.5,,1.7,,ELMALAR-(KAHRAMANMARAS),İlksel
2026-08-22,20:58:08,39.9093,39.4407,5.0,,2.3,,AKDAG-KELKIT (GUMUSHANE),İlksel
2026-08-22,20:28:27,40.64,29.16,9.0,,2.0,,CALICA-CINARCIK (YALOVA),İlksel
2026-08-22,20:23:11,40.338,27.3542,3.4,,1.8,,BOZLAR-BIGA (CANAKKALE),İlksel
2026-08-22,20:17:29,40.4415,23.6795,4.2,,1.1,,YUNANISTAN,İlksel
2026-08-22,20:07:46,34.7838,24.9853,3.5,,2.3,,GIRIT ADASI ACIKLARI (AKDENIZ),İlksel
2026-08-22,19:56:44,40.4372,23.6872,7.9,,1.4,,YUNANISTAN,İlksel
2026-08-22,19:50:24,39.1568,28.3302,12.6,,1.4,,KUCUKDAGDERE-SINDIRGI (BALIKESIR),İlksel
2026-08-22,19:19:12,40.3695,23.6705,5.8,,1.4,,YUNANISTAN,İlksel
2026-08-22,18:25:20,37.918,28.7683,5.4,,2.6,,TEKKEKOY-SARAYKOY (DENIZLI),İlksel
2026-08-22,17:58:46,38.13,36.5412,8.0,,1.9,,CAMDERE-GOKSUN (KAHRAMANMARAS),İlksel
2026-08-22,17:50:48,38.2685,38.17,16.2,,1.3,,SEYITUSAGI-YESILYURT (MALATYA),İlksel
2026-08-22,17:45:31,41.1153,28.9668,0.0,,1.1,,KAGITHANE (ISTANBUL),İlksel
2026-08-22,17:16:27,39.2595,28.0463,9.4,,1.9,,KIZILGUR-SINDIRGI (BALIKESIR),İlksel
2026-08-22,17:10:08,38.373,37.3787,8.5,,2.0,,INCECIK-ELBISTAN (KAHRAMANMARAS),İlksel
2026-08-22,16:46:11,37.8762,26.8988,2.4,,1.5,,KUSADASI KORFEZI (EGE DENIZI),İlksel
2026-08-22,15:41:50,39.8633,26.2468,5.0,,1.2,,BOZALAN-EZINE (CANAKKALE),İlksel
2026-08-22,15:35:44,39.2712,28.149,10.0,,1.6,,IBILLER-SINDIRGI (BALIKESIR),İlksel
2026-08-22,13:29:03,39.0205,32.5425,8.4,,2.1,,CIMEN-CIHANBEYLI (KONYA),İlksel
2026-08-22,13:13:57,37.8635,27.0387,5.8,,1.6,,KUSADASI KORFEZI (EGE DENIZI),İlksel
2026-08-22,12:41:05,39.9933,26.8272,5.0,,1.4,,CAMKOY-CAN (CANAKKALE),İlksel
2026-08-22,12:19:02,40.8888,31.8235,3.5,,1.4,,HAYRANLAR-MENGEN (BOLU),İlksel
2026-08-22,12:00:54,37.1118,27.8873,5.0,,1.5,,BAYIRKOY-MILAS (MUGLA),İlksel
2026-08-22,11:53:56,38.807,42.7282,21.8,,2.1,,ADILCEVAZ (BITLIS),İlksel
2026-08-22,11:35:50,38.829,26.747,2.2,,2.0,,CANDARLI KORFEZI (EGE DENIZI),İlksel
2026-08-22,11:12:59,37.9565,36.7032,6.3,,1.7,,CAMLICA-(KAHRAMANMARAS),İlksel
2026-08-22,11:06:32,39.006,28.2273,3.7,,1.5,,KABAKOZ-GORDES (MANISA),İlksel
2026-08-22,10:41:23,36.9623,37.4392,5.0,,2.2,,OGUZELI (GAZIANTEP),İlksel
2026-08-22,09:40:59,39.8333,32.9402,14.2,,1.3,,CANKAYA (ANKARA),İlksel
2026-08-22,08:39:49,38.518,30.8382,5.0,,1.2,,INLI-CAY (AFYONKARAHISAR),İlksel
2026-08-22,08:26:30,39.2483,28.0762,7.5,,1.9,,ALACAATLI-SINDIRGI (BALIKESIR),İlksel
2026-08-22,07:47:57,38.1952,32.087,23.4,,0.9,,KARASEVINC-KADINHANI (KONYA),İlksel
2026-08-22,07:34:24,39.1738,28.082,15.9,,1.2,,KERTIL-SINDIRGI (BALIKESIR),İlksel
2026-08-22,07:20:24,38.7687,27.1393,12.3,,1.8,,DUZLEN-(MANISA),İlksel
2026-08-22,06:43:11,38.2713,37.742,9.5,,1.6,,CEVIRME-AKCADAG (MALATYA),İlksel
2026-08-22,06:26:55,38.2852,38.8585,11.3,,1.4,,YEDIYOL-PUTURGE (MALATYA),İlksel
2026-08-22,06:16:37,38.0918,36.5615,5.0,,3.0,3.0,YAGMURLU-GOKSUN (KAHRAMANMARAS),İlksel
2026-08-22,06:09:22,38.3342,38.7428,11.4,,1.8,,SARIOT-KALE (MALATYA),İlksel
2026-08-22,06:05:48,38.3827,38.3035,12.3,,1.1,,HANIMINCIFTLIGI-(MALATYA),İlksel
2026-08-22,05:10:10,37.9618,37.689,9.0,,1.4,,KAPIDERE-DOGANSEHIR (MALATYA),İlksel
2026-08-22,04:23:05,38.0955,37.1872,8.5,,1.0,,AKPINAR-EKINOZU (KAHRAMANMARAS),İlksel
2026-08-22,03:54:56,39.4527,29.067,13.4,,1.2,,AVCILAR-TAVSANLI (KUTAHYA),İlksel
2026-08-22,03:33:45,38.4365,38.0297,17.4,,0.9,,ESENLI-AKCADAG (MALATYA),İlksel
2026-08-22,03:30:52,38.092,37.227,7.7,,1.2,,AKPINAR-EKINOZU (KAHRAMANMARAS),İlksel
2026-08-22,03:19:36,34.3913,26.1198,16.4,,2.5,,GIRIT ADASI ACIKLARI (AKDENIZ),İlksel
2026-08-22,03:14:55,37.3135,35.328,10.1,,0.9,,NUHLU-KARAISALI (ADANA),İlksel
2026-08-22,02:51:58,39.7568,26.6178,14.7,,1.9,,GUVEMCIK-BAYRAMIC (CANAKKALE),İlksel
2026-08-22,01:26:09,40.7755,29.1205,11.2,,1.4,,ADALAR (ISTANBUL),İlksel
2026-08-22,01:01:12,39.4653,28.026,8.6,,1.1,,MECIDIYE-BIGADIC (BALIKESIR),İlksel
2026-08-22,00:55:50,40.1552,42.5668,13.6,,1.7,,UZUNGAZI-SARIKAMIS (KARS),İlksel
2026-08-22,00:40:05,38.478,39.2163,5.0,,1.1,,DEDEYOLU-SIVRICE (ELAZIG),İlksel
2026-08-22,00:28:20,38.0978,37.2098,5.3,,1.4,,AKPINAR-EKINOZU (KAHRAMANMARAS),İlksel
2026-08-22,00:26:12,39.4328,39.957,8.4,,1.7,,KAYIRLAR-PULUMUR (TUNCELI),İlksel
2026-08-22,00:13:46,38.2443,38.4792,14.3,,1.8,,GULUMUSAGI-(MALATYA),İlksel
2026-08-22,00:04:55,39.2245,28.1435,12.5,,2.1,,MANDIRA-SINDIRGI (BALIKESIR),İlksel
2026-08-21,23:53:03,39.3087,25.7363,14.1,,1.5,,EGE DENIZI,İlksel
2026-08-21,23:39:42,36.4637,27.905,3.6,,1.4,,EGE DENIZI,İlksel
2026-08-21,23:33:07,39.3942,40.4913,5.0,,1.3,,GUZGULU-YEDISU (BINGOL),İlksel
2026-08-21,23:23:58,39.6127,38.6893,5.0,,2.5,,GULBAHCE-KEMAH (ERZINCAN),İlksel
2026-08-21,23:06:11,37.9842,38.2165,23.3,,1.2,,MESTAN-(ADIYAMAN),İlksel
2026-08-21,23:01:20,38.1818,36.6408,5.4,,1.6,,ESENKOY-GOKSUN (KAHRAMANMARAS),İlksel
2026-08-21,22:51:24,38.7652,36.5438,9.4,,1.5,,YUKARIBURANDERE-PINARBASI (KAYSERI),İlksel
2026-08-21,21:33:43,40.1732,42.5522,5.0,,3.0,,SEHITHALIT-SARIKAMIS (KARS),İlksel
2026-08-21,21:29:44,39.1635,28.2645,18.3,,1.3,,ISIKLAR-SINDIRGI (BALIKESIR),İlksel
2026-08-21,21:06:24,39.1235,41.9047,22.9,,1.7,,MESEICI-BULANIK (MUS),İlksel
2026-08-21,20:41:56,40.7852,29.1257,15.2,,1.3,,ADALAR (ISTANBUL),İlksel
2026-08-21,20:28:49,38.1175,37.1313,5.3,,1.8,,ORTAOREN-EKINOZU (KAHRAMANMARAS),İlksel
2026-08-21,20:11:48,37.7565,36.0748,7.4,,1.6,,AKOLUK-FEKE (ADANA),İlksel
2026-08-21,20:07:51,39.3632,39.0882,14.1,,1.7,,ADAKOY-OVACIK (TUNCELI),İlksel
2026-08-21,20:07:48,39.7522,29.025,14.8,,1.5,,YAKUPLAR-ORHANELI (BURSA),İlksel
2026-08-21,19:05:29,39.275,26.0993,8.1,,1.1,,MIDILLI ADASI (EGE DENIZI),İlksel
2026-08-21,18:35:35,39.0802,37.7908,5.0,,2.0,,KARAPINAR-HEKIMHAN (MALATYA),İlksel
2026-08-21,17:56:49,37.3185,37.0277,6.8,,2.4,,CENNETPINARI-PAZARCIK (KAHRAMANMARAS),İlksel
2026-08-21,17:35:04,39.3107,28.9322,5.0,,1.4,,ORTACA-SIMAV (KUTAHYA),İlksel
2026-08-21,17:32:52,39.246,29.0297,12.5,,1.4,,KATRANDAGI-EMET (KUTAHYA),İlksel
2026-08-21,17:12:48,39.1993,28.1558,13.4,,1.3,,YAYLACIK-SINDIRGI (BALIKESIR),İlksel
2026-08-21,17:10:07,39.2625,28.9442,5.0,,1.4,,KARAKOCA-SIMAV (KUTAHYA),İlksel
2026-08-21,16:59:03,38.6343,31.0242,5.0,,1.3,,CAY (AFYONKARAHISAR),İlksel
2026-08-21,16:42:05,37.2425,30.3983,4.3,,1.7,,LEYLEK-KORKUTELI (ANTALYA),İlksel
2026-08-21,16:30:56,39.2218,28.1562,12.7,,2.7,,MANDIRA-SINDIRGI (BALIKESIR),İlksel
2026-08-21,16:05:53,40.7607,31.6302,1.2,,1.9,,COMLEKCILER-(BOLU),İlksel
2026-08-21,15:34:13,38.5947,31.4043,8.4,,1.7,,UCKUYU-SULTANDAGI (AFYONKARAHISAR),İlksel
2026-08-21,13:34:10,40.823,29.105,22.9,,1.1,,ADALAR (ISTANBUL),İlksel
2026-08-21,13:28:20,40.4295,30.0048,16.1,,1.6,,ERICEK-OSMANELI (BILECIK),İlksel
2026-08-21,12:59:07,37.1785,27.9488,0.0,,1.5,,KARACAAGAC-MILAS (MUGLA),İlksel
2026-08-21,12:32:36,36.2362,32.0958,56.7,,1.9,,GAZIPASA ACIKLARI-ANTALYA (AKDENIZ),İlksel
2026-08-21,10:32:31,40.8153,29.15,13.4,,0.8,,ADALAR (ISTANBUL),İlksel
2026-08-21,10:29:20,40.7562,29.0428,13.4,,1.4,,CINARCIK ACIKLARI-YALOVA (MARMARA DENIZI),İlksel
2026-08-21,10:23:42,39.1377,28.2865,20.8,,1.4,,YUREGIL-SINDIRGI (BALIKESIR),İlksel
2026-08-21,10:08:58,40.7775,29.1972,14.8,,1.4,,YALOVA ACIKLARI (MARMARA DENIZI),İlksel
2026-08-21,09:58:42,39.3068,28.8625,13.9,,1.6,,CAMLIK-SIMAV (KUTAHYA),İlksel
2026-08-21,09:23:48,36.349,28.925,15.7,,2.1,,OLUDENIZ ACIKLARI-MUGLA (AKDENIZ),İlksel
2026-08-21,09:10:09,38.138,38.2262,18.8,,2.1,,CAMPINAR-CELIKHAN (ADIYAMAN),İlksel
2026-08-21,08:57:55,40.0562,32.8633,26.0,,1.2,,PURSAKLAR (ANKARA),İlksel
2026-08-21,08:14:46,40.7668,29.124,9.4,,1.9,,ADALAR (ISTANBUL),İlksel
2026-08-21,08:13:21,40.7835,29.1032,15.4,,1.9,,ADALAR (ISTANBUL),İlksel
2026-08-21,08:10:49,40.7672,29.088,12.3,,0.8,,CINARCIK ACIKLARI-YALOVA (MARMARA DENIZI),İlksel
2026-08-21,07:39:04,39.2443,29.02,11.4,,0.8,,YEMISLI-SIMAV (KUTAHYA),İlksel
2026-08-21,07:36:01,40.7772,29.0973,9.2,,1.5,,ADALAR (ISTANBUL),İlksel
2026-08-21,07:34:47,35.7135,32.4053,12.6,,1.6,,AKDENIZ,İlksel
2026-08-21,07:24:59,38.0292,36.578,7.9,,1.7,,KARAAHMET-GOKSUN (KAHRAMANMARAS),İlksel
2026-08-21,07:18:24,39.1035,29.8358,7.7,,1.3,,ASLIHANLAR-ASLANAPA (KUTAHYA),İlksel
2026-08-21,07:16:54,38.1537,36.871,10.6,,1.4,,ESENCE-AFSIN (KAHRAMANMARAS),İlksel
2026-08-21,06:51:57,38.5062,25.4852,5.9,,2.9,,EGE DENIZI,İlksel
2026-08-21,06:42:08,38.3105,38.6287,20.6,,1.4,,ALHANUSAGI-(MALATYA),İlksel
2026-08-21,06:20:24,36.768,29.234,8.7,,1.1,,KIZILBEL-FETHIYE (MUGLA),İlksel
2026-08-21,06:15:13,39.9753,32.9595,1.5,,1.3,,MAMAK (ANKARA),İlksel
2026-08-21,06:05:16,39.2725,28.0528,11.8,,2.5,,KIZILGUR-SINDIRGI (BALIKESIR),İlksel
2026-08-21,05:45:17,40.7633,29.1427,7.5,,1.3,,YALOVA ACIKLARI (MARMARA DENIZI),İlksel
2026-08-21,05:41:02,40.8707,29.1423,11.1,,1.2,,ADALAR (ISTANBUL),İlksel
2026-08-21,05:16:43,39.1852,29.1137,12.8,,0.9,,TOKAT-HISARCIK (KUTAHYA),İlksel
2026-08-21,05:16:13,39.2932,28.9713,14.6,,0.9,,YESILDERE-SIMAV (KUTAHYA),İlksel
2026-08-21,05:09:46,39.2127,28.8358,4.2,,1.0,,EFIR-SIMAV (KUTAHYA),İlksel
2026-08-21,05:06:34,40.7623,29.133,2.4,,1.6,,YALOVA ACIKLARI (MARMARA DENIZI),İlksel
2026-08-21,05:06:16,41.028,33.6395,5.0,,4.4,4.2,EKSIK-ILGAZ (CANKIRI),İlksel
2026-08-21,04:54:21,39.271,28.9177,3.2,,0.6,,KARAKOCA-SIMAV (KUTAHYA),İlksel
2026-08-21,04:50:34,40.7785,29.0977,10.5,,1.2,,ADALAR (ISTANBUL),İlksel
2026-08-21,04:39:44,38.002,37.269,5.7,,1.6,,GOZPINAR-EKINOZU (KAHRAMANMARAS),İlksel
2026-08-21,04:38:34,40.0798,41.145,6.5,,1.4,,KAVAKLIDERE-AZIZIYE (ERZURUM),İlksel
2026-08-21,04:16:58,38.1438,38.5838,9.4,,1.8,,TEKEDERESI-PUTURGE (MALATYA),İlksel
2026-08-21,04:09:54,40.1698,31.7777,8.8,,1.7,,HIRKATEPE-BEYPAZARI (ANKARA),İlksel
2026-08-21,03:56:01,40.777,29.0852,11.5,,1.0,,CINARCIK ACIKLARI-YALOVA (MARMARA DENIZI),İlksel
2026-08-21,03:48:06,39.2343,28.9592,5.0,,0.5,,YEMISLI-SIMAV (KUTAHYA),İlksel
2026-08-21,03:42:13,39.4052,40.6415,5.1,,2.2,,ELMALI-YEDISU (BINGOL),İlksel
2026-08-21,03:04:16,39.2673,28.9647,9.7,,3.3,3.3,KARAKOCA-SIMAV (KUTAHYA),İlksel
2026-08-21,02:56:45,39.238,28.0903,10.2,,1.5,,KOZLU-SINDIRGI (BALIKESIR),İlksel
2026-08-21,02:47:09,39.239,29.0115,10.5,,2.1,,YEMISLI-SIMAV (KUTAHYA),İlksel
2026-08-21,02:34:22,34.8537,24.7762,21.2,,2.4,,GIRIT ADASI ACIKLARI (AKDENIZ),İlksel
2026-08-21,02:28:21,38.2505,37.728,1.7,,2.6,,HARUNUSAGI-AKCADAG (MALATYA),İlksel
2026-08-21,02:23:58,39.2402,29.017,8.0,,1.5,,YEMISLI-SIMAV (KUTAHYA),İlksel
2026-08-21,02:22:37,39.133,28.8063,1.7,,0.7,,AHMETLI-SIMAV (KUTAHYA),İlksel
2026-08-21,02:08:46,39.2547,29.047,5.3,,1.2,,KATRANDAGI-EMET (KUTAHYA),İlksel
2026-08-21,02:07:18,40.0257,32.9233,5.0,,1.9,,PURSAKLAR (ANKARA),İlksel
2026-08-21,02:03:17,39.2493,29.023,5.4,,3.1,3.1,KATRANDAGI-EMET (KUTAHYA),İlksel
2026-08-21,01:59:07,39.2348,29.0168,5.8,,1.7,,YEMISLI-SIMAV (KUTAHYA),İlksel
2026-08-21,01:36:08,39.2337,29.0433,7.4,,2.2,,KATRANDAGI-EMET (KUTAHYA),İlksel
2026-08-21,01:30:09,39.2362,28.979,7.0,,1.8,,YEMISLI-SIMAV (KUTAHYA),İlksel
2026-08-21,01:29:58,39.1392,28.8487,5.0,,1.9,,GUMUSSU-SIMAV (KUTAHYA),İlksel
2026-08-21,01:29:11,39.2588,28.992,6.5,,1.8,,YESILDERE-SIMAV (KUTAHYA),İlksel
2026-08-21,01:27:15,40.7805,29.0967,9.0,,1.4,,ADALAR (ISTANBUL),İlksel
2026-08-21,01:25:59,39.2347,29.0263,7.9,,1.7,,KATRANDAGI-EMET (KUTAHYA),İlksel
2026-08-21,01:23:10,39.2353,29.0185,4.9,,1.9,,YEMISLI-SIMAV (KUTAHYA),İlksel
2026-08-21,01:22:06,39.23,29.0317,4.2,,2.1,,KATRANDAGI-EMET (KUTAHYA),İlksel
2026-08-21,01:15:31,39.2323,29.041,10.0,,0.9,,KATRANDAGI-EMET (KUTAHYA),İlksel
2026-08-21,01:13:29,39.3197,28.8527,5.3,,1.4,,CAMLIK-SIMAV (KUTAHYA),İlksel
2026-08-21,01:10:48,39.2432,29.0303,7.5,,1.8,,KATRANDAGI-EMET (KUTAHYA),İlksel
2026-08-21,00:59:22,40.7743,29.0943,9.5,,1.4,,ADALAR (ISTANBUL),İlksel
2026-08-21,00:57:11,40.7843,29.0648,10.9,,1.1,,CINARCIK ACIKLARI-YALOVA (MARMARA DENIZI),İlksel
2026-08-21,00:51:35,40.7755,29.098,13.3,,2.9,,ADALAR (ISTANBUL),İlksel
2026-08-21,00:47:49,40.7813,29.101,13.2,,1.7,,ADALAR (ISTANBUL),İlksel
2026-08-21,00:47:05,40.7783,29.0883,11.8,,1.8,,ADALAR (ISTANBUL),İlksel
2026-08-21,00:40:27,38.5895,40.4767,7.5,,2.0,,ECEMIS-LICE (DIYARBAKIR),İlksel
2026-08-21,00:13:24,37.9313,38.451,5.0,,1.3,,KASKOY-(ADIYAMAN),İlksel
2026-08-20,23:50:35,37.6425,35.327,5.0,,1.0,,YETIMLI-ALADAG (ADANA),İlksel
2026-08-20,23:49:07,38.0898,37.2367,4.7,,1.6,,AKPINAR-EKINOZU (KAHRAMANMARAS),İlksel
2026-08-20,22:27:38,40.753,29.1088,1.4,,1.3,,KORU-CINARCIK (YALOVA),İlksel
2026-08-20,22:16:49,40.8005,29.1172,7.7,,1.4,,ADALAR (ISTANBUL),İlksel
2026-08-20,22:16:13,40.789,29.0857,10.1,,1.8,,ADALAR (ISTANBUL),İlksel
2026-08-20,21:39:24,37.9587,28.7568,11.1,,1.0,,SAVCILI-BUHARKENT (AYDIN),İlksel
2026-08-20,21:32:41,38.0257,37.043,26.9,,1.4,,YENIKOY-EKINOZU (KAHRAMANMARAS),İlksel
2026-08-20,21:20:27,38.1627,38.4655,15.1,,1.2,,AKSU-SINCIK (ADIYAMAN),İlksel
2026-08-20,21:03:53,40.5583,42.0608,17.2,,1.5,,TOPKAYNAK-OLTU (ERZURUM),İlksel
2026-08-20,20:37:38,38.182,36.9412,5.3,,1.6,,HUYUKLU-AFSIN (KAHRAMANMARAS),İlksel
2026-08-20,20:15:28,40.7873,29.1337,11.8,,1.4,,ADALAR (ISTANBUL),İlksel
2026-08-20,20:11:43,38.078,37.4678,3.6,,0.8,,SUNNETKOY-ELBISTAN (KAHRAMANMARAS),İlksel
2026-08-20,20:07:32,39.2417,28.1977,5.3,,1.1,,PURSUNLER-SINDIRGI (BALIKESIR),İlksel
2026-08-20,20:01:08,39.1088,28.3495,9.0,,1.6,,KOBAKLAR-GORDES (MANISA),İlksel
2026-08-20,19:32:48,40.7927,29.1005,13.1,,1.3,,ADALAR (ISTANBUL),İlksel
2026-08-20,19:09:35,34.8978,25.9782,11.8,,2.2,,GIRIT ADASI ACIKLARI (AKDENIZ),İlksel
2026-08-20,18:55:09,40.7798,29.2175,11.2,,1.4,,TUZLA (ISTANBUL),İlksel
2026-08-20,18:39:53,39.2258,29.0328,11.2,,1.1,,EGIRLER-SIMAV (KUTAHYA),İlksel
2026-08-20,18:24:37,39.1247,28.1443,13.2,,1.2,,KINIK-SINDIRGI (BALIKESIR),İlksel
2026-08-20,18:13:30,38.6907,40.2535,5.3,,1.9,,DIKPINAR-GENC (BINGOL),İlksel
2026-08-20,18:09:13,39.1815,28.1258,15.3,,1.6,,ORMANICI-SINDIRGI (BALIKESIR),İlksel
2026-08-20,18:07:19,40.7572,29.0953,8.0,,1.7,,CINARCIK ACIKLARI-YALOVA (MARMARA DENIZI),İlksel
2026-08-20,17:13:27,39.1052,40.8018,3.4,,2.1,,HACILAR-KARLIOVA (BINGOL),İlksel
2026-08-20,16:28:07,39.9917,42.485,12.0,,2.5,,KARAPINAR-HORASAN (ERZURUM),İlksel
2026-08-20,16:09:55,40.796,29.0185,14.6,,1.5,,CINARCIK ACIKLARI-YALOVA (MARMARA DENIZI),İlksel
2026-08-20,15:59:07,40.7527,29.1592,3.3,,1.3,,YALOVA ACIKLARI (MARMARA DENIZI),İlksel
2026-08-20,15:52:52,39.468,27.9132,12.6,,3.2,3.0,TASKOY-(BALIKESIR),İlksel
2026-08-20,15:29:34,40.78,29.0793,7.2,,1.7,,CINARCIK ACIKLARI-YALOVA (MARMARA DENIZI),İlksel
2026-08-20,15:24:51,40.7612,29.1013,8.9,,1.8,,CINARCIK ACIKLARI-YALOVA (MARMARA DENIZI),İlksel
2026-08-20,15:20:58,40.7495,29.1453,7.0,,1.5,,YALOVA ACIKLARI (MARMARA DENIZI),İlksel
2026-08-20,15:18:50,40.7738,29.0925,3.7,,1.5,,ADALAR (ISTANBUL),İlksel
2026-08-20,15:13:51,40.8012,35.9115,0.0,,1.8,,SEYFE-SULUOVA (AMASYA),İlksel
2026-08-20,15:00:41,35.546,23.5853,5.0,,2.6,,GIRIT ADASI (AKDENIZ),İlksel
2026-08-20,14:59:49,40.7732,29.1042,6.3,,1.6,,ADALAR (ISTANBUL),İlksel
2026-08-20,14:59:26,40.7708,29.0755,3.5,,1.4,,CINARCIK ACIKLARI-YALOVA (MARMARA DENIZI),İlksel
2026-08-20,14:58:42,40.801,29.1453,9.3,,0.9,,ADALAR (ISTANBUL),İlksel
2026-08-20,14:57:34,40.7545,29.1067,5.0,,1.6,,CINARCIK (YALOVA),İlksel
2026-08-20,14:55:54,40.8877,28.9893,3.5,,1.1,,ADALAR (ISTANBUL),İlksel
2026-08-20,14:54:51,40.7717,29.1377,9.6,,1.5,,ADALAR (ISTANBUL),İlksel
2026-08-20,14:51:37,40.777,29.0952,10.9,,2.7,,ADALAR (ISTANBUL),İlksel
2026-08-20,14:43:05,40.7803,29.1132,11.6,,1.8,,ADALAR (ISTANBUL),İlksel
2026-08-20,14:37:17,40.7778,29.1197,9.8,,1.4,,ADALAR (ISTANBUL),İlksel
2026-08-20,14:32:26,40.7805,29.1237,15.1,,1.2,,ADALAR (ISTANBUL),İlksel
2026-08-20,13:59:58,40.8608,29.2145,13.4,,1.1,,PENDIK (ISTANBUL),İlksel
2026-08-20,13:41:38,40.7832,29.1215,7.7,,1.0,,ADALAR (ISTANBUL),İlksel
2026-08-20,13:38:14,40.8245,29.115,6.2,,1.2,,ADALAR (ISTANBUL),İlksel
2026-08-20,13:28:16,40.7742,29.093,10.1,,1.6,,ADALAR (ISTANBUL),İlksel
2026-08-20,13:21:30,38.0437,27.4862,3.8,,2.0,,UZUMLER-TIRE (IZMIR),İlksel
2026-08-20,13:08:27,40.7692,29.092,8.3,,1.4,,CINARCIK ACIKLARI-YALOVA (MARMARA DENIZI),İlksel
2026-08-20,13:06:48,40.7635,29.0893,4.2,,1.0,,CINARCIK ACIKLARI-YALOVA (MARMARA DENIZI),İlksel
2026-08-20,13:05:51,40.7728,29.1222,7.5,,1.3,,ADALAR (ISTANBUL),İlksel
2026-08-20,13:00:56,36.6603,25.5972,6.6,,1.9,,EGE DENIZI,İlksel
2026-08-20,12:57:43,40.7898,29.1023,8.8,,1.0,,ADALAR (ISTANBUL),İlksel
2026-08-20,12:57:08,40.7763,29.0937,3.8,,1.0,,ADALAR (ISTANBUL),İlksel
2026-08-20,12:55:53,41.1285,28.7783,0.0,,1.3,,SAMLAR-BASAKSEHIR (ISTANBUL),İlksel
2026-08-20,12:48:17,39.4493,38.5212,4.5,,1.8,,DOSTAL-ILIC (ERZINCAN),İlksel
2026-08-20,12:34:10,35.946,28.0472,5.0,,2.0,,AKDENIZ,İlksel
2026-08-20,12:31:47,36.2615,33.7255,0.0,,1.3,,AKDERE-SILIFKE (MERSIN),İlksel
2026-08-20,12:29:46,38.3125,36.3518,5.0,,1.7,,SAR-TUFANBEYLI (ADANA),İlksel
2026-08-20,12:08:38,40.7733,29.0783,4.8,,1.3,,CINARCIK ACIKLARI-YALOVA (MARMARA DENIZI),İlksel
2026-08-20,11:58:12,40.7833,29.0715,5.2,,1.7,,CINARCIK ACIKLARI-YALOVA (MARMARA DENIZI),İlksel
2026-08-20,11:50:35,40.7743,29.0515,3.4,,1.3,,CINARCIK ACIKLARI-YALOVA (MARMARA DENIZI),İlksel
2026-08-20,11:38:36,40.777,29.1005,9.3,,1.4,,ADALAR (ISTANBUL),İlksel
2026-08-20,11:30:59,40.7813,29.0983,11.2,,3.1,3.0,ADALAR (ISTANBUL),İlksel
2026-08-20,10:47:13,37.0978,28.4077,7.9,,1.5,,ULA (MUGLA),İlksel
2026-08-20,10:46:22,40.7847,29.0942,11.5,,1.2,,ADALAR (ISTANBUL),İlksel
2026-08-20,10:41:17,40.7797,29.0708,12.9,,1.6,,CINARCIK ACIKLARI-YALOVA (MARMARA DENIZI),İlksel
2026-08-20,10:40:37,40.7767,29.1038,9.3,,2.2,,ADALAR (ISTANBUL),İlksel
2026-08-20,10:17:22,40.7908,29.0737,6.7,,1.1,,ADALAR (ISTANBUL),İlksel
2026-08-20,09:56:05,36.4643,25.8337,5.0,,2.9,,EGE DENIZI,İlksel
2026-08-20,09:52:29,40.7677,29.0947,4.6,,1.4,,CINARCIK ACIKLARI-YALOVA (MARMARA DENIZI),İlksel
2026-08-20,09:47:44,36.6333,25.7775,4.6,,2.3,,EGE DENIZI,İlksel
2026-08-20,09:45:28,40.7735,29.0833,8.3,,1.9,,CINARCIK ACIKLARI-YALOVA (MARMARA DENIZI),İlksel
2026-08-20,09:20:26,38.916,26.0698,5.0,,2.6,,MIDILLI ADASI GUNEYI (EGE DENIZI),İlksel
2026-08-20,08:57:34,40.7678,29.0867,4.9,,1.4,,CINARCIK ACIKLARI-YALOVA (MARMARA DENIZI),İlksel
2026-08-20,08:47:12,40.781,29.0695,7.8,,1.3,,CINARCIK ACIKLARI-YALOVA (MARMARA DENIZI),İlksel
2026-08-20,08:39:22,40.7727,29.1018,2.5,,1.1,,ADALAR (ISTANBUL),İlksel
2026-08-20,08:14:33,40.7772,29.0973,10.2,,1.7,,ADALAR (ISTANBUL),İlksel
2026-08-20,07:57:58,40.7878,29.0392,7.8,,1.0,,CINARCIK ACIKLARI-YALOVA (MARMARA DENIZI),İlksel
2026-08-20,07:38:22,40.7847,29.0983,12.3,,1.7,,ADALAR (ISTANBUL),İlksel
2026-08-20,07:36:48,38.0473,28.9585,14.1,,1.7,,YENICEKENT-BULDAN (DENIZLI),İlksel
2026-08-20,07:26:06,40.7692,29.1483,5.4,,1.0,,YALOVA ACIKLARI (MARMARA DENIZI),İlksel
2026-08-20,07:18:08,40.7728,29.082,5.4,,2.5,,CINARCIK ACIKLARI-YALOVA (MARMARA DENIZI),İlksel
2026-08-20,06:38:00,37.6463,35.817,7.5,,2.0,,CAMDERE-KOZAN (ADANA),İlksel
2026-08-20,06:19:50,40.7832,29.086,9.4,,2.0,,ADALAR (ISTANBUL),İlksel
2026-08-20,06:13:07,39.6523,27.8947,4.3,,2.0,,BALIKESIR (BALIKESIR),İlksel
2026-08-20,06:05:05,34.7648,23.5538,90.6,,2.8,,GIRIT ADASI (AKDENIZ),İlksel
2026-08-20,05:56:54,40.7717,29.0878,8.9,,1.1,,CINARCIK ACIKLARI-YALOVA (MARMARA DENIZI),İlksel
2026-08-20,05:55:21,40.7875,29.1083,10.3,,1.1,,ADALAR (ISTANBUL),İlksel
2026-08-20,05:50:28,40.7807,29.0972,9.6,,1.5,,ADALAR (ISTANBUL),İlksel
2026-08-20,05:45:42,34.2358,26.0603,84.2,,2.3,,GIRIT ADASI ACIKLARI (AKDENIZ),İlksel
2026-08-20,05:45:14,40.785,29.1072,9.5,,1.7,,ADALAR (ISTANBUL),İlksel
2026-08-20,05:40:34,40.7795,29.1053,11.5,,2.9,,ADALAR (ISTANBUL),İlksel
2026-08-20,05:11:41,39.2233,28.1268,20.5,,1.2,,BAYIRLI-SINDIRGI (BALIKESIR),İlksel
2026-08-20,05:01:22,40.7807,29.0677,7.5,,1.7,,CINARCIK ACIKLARI-YALOVA (MARMARA DENIZI),İlksel
2026-08-20,04:54:35,40.7738,29.1173,10.4,,1.2,,ADALAR (ISTANBUL),İlksel
2026-08-20,04:43:55,40.7732,29.1128,8.3,,1.6,,ADALAR (ISTANBUL),İlksel
2026-08-20,04:43:17,40.8082,29.175,5.0,,1.7,,ADALAR (ISTANBUL),İlksel
2026-08-20,04:42:09,40.7807,29.1018,7.1,,1.4,,ADALAR (ISTANBUL),İlksel
2026-08-20,04:31:38,40.7802,29.0938,10.5,,2.8,,ADALAR (ISTANBUL),İlksel
2026-08-20,04:25:54,40.7813,29.1035,10.9,,1.6,,ADALAR (ISTANBUL),İlksel
2026-08-20,04:24:12,40.779,29.089,9.0,,1.6,,ADALAR (ISTANBUL),İlksel
2026-08-20,04:22:08,40.7823,29.093,9.2,,1.5,,ADALAR (ISTANBUL),İlksel
2026-08-20,03:45:39,40.7738,29.0957,8.9,,2.5,,ADALAR (ISTANBUL),İlksel
2026-08-20,03:44:21,40.782,29.116,11.9,,1.5,,ADALAR (ISTANBUL),İlksel
2026-08-20,03:42:14,40.7933,29.1002,11.0,,1.6,,ADALAR (ISTANBUL),İlksel
2026-08-20,03:41:43,40.7757,29.099,7.6,,1.5,,ADALAR (ISTANBUL),İlksel
2026-08-20,03:40:00,40.7735,29.1028,8.6,,1.9,,ADALAR (ISTANBUL),İlksel
2026-08-20,03:38:41,40.7857,29.085,11.0,,1.6,,ADALAR (ISTANBUL),İlksel
2026-08-20,03:36:16,40.7838,29.0793,8.1,,1.5,,ADALAR (ISTANBUL),İlksel
2026-08-20,03:35:45,40.7845,29.0995,10.3,,1.5,,ADALAR (ISTANBUL),İlksel
2026-08-20,03:33:50,40.7945,29.118,4.7,,1.5,,ADALAR (ISTANBUL),İlksel
2026-08-20,03:33:33,40.7772,29.1003,10.2,,2.7,,ADALAR (ISTANBUL),İlksel
2026-08-20,03:32:52,40.7897,29.0877,11.4,,1.5,,ADALAR (ISTANBUL),İlksel
2026-08-20,03:28:11,40.7932,29.1033,9.1,,1.4,,ADALAR (ISTANBUL),İlksel
2026-08-20,03:03:25,40.7797,29.0817,8.0,,1.6,,CINARCIK ACIKLARI-YALOVA (MARMARA DENIZI),İlksel
2026-08-20,02:53:31,40.763,29.1117,4.5,,1.1,,ADALAR (ISTANBUL),İlksel
2026-08-20,02:52:54,40.0968,40.861,8.7,,1.4,,YUKARICANOREN-AZIZIYE (ERZURUM),İlksel
2026-08-20,02:45:37,40.7853,29.076,8.8,,1.1,,ADALAR (ISTANBUL),İlksel
2026-08-20,02:38:36,40.793,29.0998,10.0,,1.4,,ADALAR (ISTANBUL),İlksel
2026-08-20,02:37:21,40.76,29.1052,12.1,,1.5,,CINARCIK ACIKLARI-YALOVA (MARMARA DENIZI),İlksel
2026-08-20,02:36:12,40.7782,29.0933,10.6,,2.0,,ADALAR (ISTANBUL),İlksel
2026-08-20,02:35:23,35.8712,28.123,8.4,,1.8,,AKDENIZ,İlksel
2026-08-20,02:31:41,40.7842,29.0872,10.9,,1.8,,ADALAR (ISTANBUL),İlksel
2026-08-20,02:18:29,40.777,29.0922,10.3,,1.4,,ADALAR (ISTANBUL),İlksel
2026-08-20,01:58:21,40.7813,29.0905,8.7,,2.5,,ADALAR (ISTANBUL),İlksel
2026-08-20,01:44:35,40.7728,29.0655,4.5,,1.4,,CINARCIK ACIKLARI-YALOVA (MARMARA DENIZI),İlksel
2026-08-20,01:32:47,40.7797,29.1005,7.3,,1.8,,ADALAR (ISTANBUL),İlksel
2026-08-20,01:32:23,40.7728,29.1068,8.5,,1.7,,ADALAR (ISTANBUL),İlksel
2026-08-20,01:28:24,40.7863,29.0845,9.1,,1.5,,ADALAR (ISTANBUL),İlksel
2026-08-20,01:23:00,40.7767,29.0952,9.2,,1.6,,ADALAR (ISTANBUL),İlksel
2026-08-20,01:18:46,40.78,29.1663,4.4,,1.0,,YALOVA ACIKLARI (MARMARA DENIZI),İlksel
2026-08-20,01:12:27,40.7773,29.1005,7.8,,1.7,,ADALAR (ISTANBUL),İlksel
2026-08-20,01:11:55,40.7927,29.0888,12.1,,1.7,,ADALAR (ISTANBUL),İlksel
2026-08-20,01:08:10,40.7925,29.1162,12.0,,1.2,,ADALAR (ISTANBUL),İlksel
2026-08-20,01:01:48,39.1663,28.162,8.8,,1.2,,SINANDEDE-SINDIRGI (BALIKESIR),İlksel
2026-08-20,00:43:45,40.7767,29.1027,10.1,,1.8,,ADALAR (ISTANBUL),İlksel
2026-08-20,00:41:45,40.7758,29.0888,12.2,,2.9,,ADALAR (ISTANBUL),İlksel
2026-08-20,00:35:10,40.7872,27.9152,8.6,,1.8,,MARMARA DENIZI,İlksel
2026-08-20,00:11:08,40.786,31.582,5.2,,1.7,,KOZLU-(BOLU),İlksel
2026-08-19,23:45:15,40.7792,29.0863,8.0,,1.2,,ADALAR (ISTANBUL),İlksel
2026-08-19,23:42:11,40.7708,29.1112,7.6,,1.5,,ADALAR (ISTANBUL),İlksel
2026-08-19,23:39:11,40.7817,29.0818,9.0,,0.9,,ADALAR (ISTANBUL),İlksel
2026-08-19,23:23:02,35.9015,31.13,14.2,,2.7,,AKDENIZ,İlksel
2026-08-19,23:20:22,35.923,28.0542,1.6,,2.8,,AKDENIZ,İlksel
2026-08-19,23:12:32,40.75,29.0765,11.6,,1.1,,CINARCIK ACIKLARI-YALOVA (MARMARA DENIZI),İlksel
2026-08-19,23:07:32,40.7557,29.1173,11.8,,1.6,,KORU-CINARCIK (YALOVA),İlksel
2026-08-19,23:04:59,40.7792,29.0903,13.6,,1.6,,ADALAR (ISTANBUL),İlksel
2026-08-19,22:58:15,39.4988,39.6398,5.0,,1.4,,KARAGOZ-PULUMUR (TUNCELI),İlksel
2026-08-19,22:51:58,40.756,29.1195,9.5,,1.9,,KORU-CINARCIK (YALOVA),İlksel
2026-08-19,22:28:51,40.7652,29.1137,7.9,,1.5,,ADALAR (ISTANBUL),İlksel
2026-08-19,22:14:38,40.787,29.1043,12.4,,1.2,,ADALAR (ISTANBUL),İlksel
2026-08-19,21:59:08,37.1553,28.7262,4.4,,1.7,,TURGUT-ULA (MUGLA),İlksel
2026-08-19,21:36:04,40.7747,29.0915,9.3,,2.0,,ADALAR (ISTANBUL),İlksel
2026-08-19,21:24:58,37.798,36.036,1.0,,1.8,,KOVUKCINAR-FEKE (ADANA),İlksel
2026-08-19,21:09:39,40.7785,29.0973,12.1,,2.0,,ADALAR (ISTANBUL),İlksel
2026-08-19,20:58:26,40.7725,29.1003,11.2,,2.5,,ADALAR (ISTANBUL),İlksel
2026-08-19,20:51:16,40.7883,29.0863,13.6,,1.2,,ADALAR (ISTANBUL),İlksel
2026-08-19,20:33:18,37.095,28.859,10.3,,1.7,,OTMANLAR-KOYCEGIZ (MUGLA),İlksel
2026-08-19,20:26:31,35.6957,27.8828,9.4,,2.3,,AKDENIZ,İlksel
2026-08-19,20:21:24,40.7725,29.1085,10.2,,1.2,,ADALAR (ISTANBUL),İlksel
2026-08-19,20:04:58,40.7745,29.1035,4.4,,2.2,,ADALAR (ISTANBUL),İlksel
2026-08-19,20:02:55,40.7722,29.0825,10.6,,1.7,,CINARCIK ACIKLARI-YALOVA (MARMARA DENIZI),İlksel
2026-08-19,19:48:27,40.7813,29.0877,11.8,,1.5,,ADALAR (ISTANBUL),İlksel
2026-08-19,19:47:09,40.7697,29.0927,12.3,,1.4,,CINARCIK ACIKLARI-YALOVA (MARMARA DENIZI),İlksel
2026-08-19,19:32:19,40.7707,29.0817,8.8,,1.1,,CINARCIK ACIKLARI-YALOVA (MARMARA DENIZI),İlksel
2026-08-19,19:28:12,40.7717,29.0918,12.4,,1.3,,CINARCIK ACIKLARI-YALOVA (MARMARA DENIZI),İlksel
2026-08-19,19:21:56,40.7717,29.0923,8.8,,1.8,,CINARCIK ACIKLARI-YALOVA (MARMARA DENIZI),İlksel
2026-08-19,19:17:26,40.7803,29.1102,10.1,,2.7,,ADALAR (ISTANBUL),İlksel
2026-08-19,19:11:40,40.7687,29.1137,9.2,,1.5,,ADALAR (ISTANBUL),İlksel
2026-08-19,18:56:07,40.4255,28.8468,11.0,,2.0,,GEMLIK KORFEZI (MARMARA DENIZI),İlksel
2026-08-19,18:42:56,40.7752,29.0992,10.1,,1.6,,ADALAR (ISTANBUL),İlksel
2026-08-19,18:26:19,40.7797,29.0507,17.3,,1.4,,CINARCIK ACIKLARI-YALOVA (MARMARA DENIZI),İlksel
2026-08-19,18:18:43,40.7665,29.1027,12.7,,1.5,,ADALAR (ISTANBUL),İlksel
2026-08-19,18:13:47,40.768,29.1123,8.0,,2.3,,ADALAR (ISTANBUL),İlksel
2026-08-19,17:43:46,40.7785,29.1037,11.4,,3.2,,ADALAR (ISTANBUL),İlksel
2026-08-19,17:41:15,38.2087,37.7622,3.7,,1.6,,CAVUSLU-DOGANSEHIR (MALATYA),İlksel
2026-08-19,17:33:44,40.7773,29.1203,9.9,,2.3,,ADALAR (ISTANBUL),İlksel
2026-08-19,17:09:18,38.3463,40.2695,1.5,,2.8,,BADEMLI-DICLE (DIYARBAKIR),İlksel
2026-08-19,17:03:31,40.7717,29.1022,12.3,,2.5,,ADALAR (ISTANBUL),İlksel
2026-08-19,16:25:43,40.8018,29.1252,12.4,,1.2,,ADALAR (ISTANBUL),İlksel
2026-08-19,16:24:39,40.4898,29.1977,0.0,,1.1,,SAHINYURDU-GEMLIK (BURSA),İlksel
2026-08-19,16:12:06,39.2497,28.0823,7.6,,1.5,,ALACAATLI-SINDIRGI (BALIKESIR),İlksel
2026-08-19,16:10:16,40.8237,29.1467,12.5,,1.2,,ADALAR (ISTANBUL),İlksel
2026-08-19,16:08:18,40.7805,29.1123,5.8,,2.4,,ADALAR (ISTANBUL),İlksel
2026-08-19,15:05:04,40.7692,29.093,20.5,,1.9,,CINARCIK ACIKLARI-YALOVA (MARMARA DENIZI),İlksel
2026-08-19,13:38:31,38.057,38.6038,7.2,,2.0,,SERINCE-SINCIK (ADIYAMAN),İlksel
2026-08-19,12:58:24,39.1735,28.1487,10.2,,2.0,,SINANDEDE-SINDIRGI (BALIKESIR),İlksel
2026-08-19,11:57:14,35.3018,33.5677,15.7,,1.4,,KIBRIS-BESPARMAK,İlksel
2026-08-19,11:29:18,38.2793,38.5525,10.3,,1.3,,TANISIK-(MALATYA),İlksel
2026-08-19,11:10:47,37.3075,36.2035,1.8,,2.2,,KIZYUSUFLU-KADIRLI (OSMANIYE),İlksel
2026-08-19,10:53:35,40.8263,31.5767,8.6,,2.6,,KOZLU-(BOLU),İlksel
2026-08-19,10:23:40,36.752,28.3497,53.1,,2.5,,GUNLUCE ACIKLARI-MUGLA (AKDENIZ),İlksel
